{
  "primary": "gpt54",
  "comparators": [
    "gpt55",
    "opus47",
    "sonnet",
    "gemini_pro"
  ],
  "n_docs_per_model": {
    "gpt55": 148,
    "gpt54": 148,
    "opus47": 148,
    "sonnet": 148,
    "gemini_pro": 148
  },
  "totals": {
    "gpt55": {
      "fab_total": 431,
      "fab_strings": 281,
      "fab_numbers": 150,
      "checked_strings": 5470,
      "checked_numbers": 5279
    },
    "gpt54": {
      "fab_total": 397,
      "fab_strings": 245,
      "fab_numbers": 152,
      "checked_strings": 4836,
      "checked_numbers": 4697
    },
    "opus47": {
      "fab_total": 135,
      "fab_strings": 111,
      "fab_numbers": 24,
      "checked_strings": 5509,
      "checked_numbers": 5629
    },
    "sonnet": {
      "fab_total": 209,
      "fab_strings": 153,
      "fab_numbers": 56,
      "checked_strings": 5606,
      "checked_numbers": 5972
    },
    "gemini_pro": {
      "fab_total": 64,
      "fab_strings": 43,
      "fab_numbers": 21,
      "checked_strings": 4080,
      "checked_numbers": 3953
    }
  },
  "pairwise_total_fabs": {
    "gpt55": {
      "n_docs": 148,
      "gpt54_more": 26,
      "gpt54_less": 34,
      "tied": 88,
      "sign_test": {
        "n_discordant": 60,
        "p_two_sided": 0.36629400670329104,
        "win_rate": 0.43333333333333335
      },
      "mean_delta": -0.22972972972972974,
      "median_delta": 0.0,
      "delta_ci95": [
        -0.6891891891891891,
        0.20270270270270271
      ]
    },
    "opus47": {
      "n_docs": 148,
      "gpt54_more": 50,
      "gpt54_less": 8,
      "tied": 90,
      "sign_test": {
        "n_discordant": 58,
        "p_two_sided": 1.5702617754687068e-08,
        "win_rate": 0.8620689655172413
      },
      "mean_delta": 1.7702702702702702,
      "median_delta": 0.0,
      "delta_ci95": [
        0.9052364864864865,
        2.7097972972972957
      ]
    },
    "sonnet": {
      "n_docs": 148,
      "gpt54_more": 43,
      "gpt54_less": 13,
      "tied": 92,
      "sign_test": {
        "n_discordant": 56,
        "p_two_sided": 7.333218396948782e-05,
        "win_rate": 0.7678571428571429
      },
      "mean_delta": 1.2702702702702702,
      "median_delta": 0.0,
      "delta_ci95": [
        0.4390202702702703,
        2.114864864864865
      ]
    },
    "gemini_pro": {
      "n_docs": 148,
      "gpt54_more": 56,
      "gpt54_less": 3,
      "tied": 89,
      "sign_test": {
        "n_discordant": 59,
        "p_two_sided": 1.189326415129699e-13,
        "win_rate": 0.9491525423728814
      },
      "mean_delta": 2.25,
      "median_delta": 0.0,
      "delta_ci95": [
        1.4728040540540541,
        3.1554054054054053
      ]
    }
  },
  "pairwise_numbers_only": {
    "gpt55": {
      "n_docs": 148,
      "gpt54_more": 17,
      "gpt54_less": 14,
      "tied": 117,
      "sign_test": {
        "n_discordant": 31,
        "p_two_sided": 0.720100131817162,
        "win_rate": 0.5483870967741935
      },
      "mean_delta": 0.013513513513513514,
      "median_delta": 0.0,
      "delta_ci95": [
        -0.358277027027027,
        0.3783783783783784
      ]
    },
    "opus47": {
      "n_docs": 148,
      "gpt54_more": 31,
      "gpt54_less": 2,
      "tied": 115,
      "sign_test": {
        "n_discordant": 33,
        "p_two_sided": 1.3085082173347473e-07,
        "win_rate": 0.9393939393939394
      },
      "mean_delta": 0.8648648648648649,
      "median_delta": 0.0,
      "delta_ci95": [
        0.49324324324324326,
        1.304222972972972
      ]
    },
    "sonnet": {
      "n_docs": 148,
      "gpt54_more": 28,
      "gpt54_less": 6,
      "tied": 114,
      "sign_test": {
        "n_discordant": 34,
        "p_two_sided": 0.00019512558355927467,
        "win_rate": 0.8235294117647058
      },
      "mean_delta": 0.6486486486486487,
      "median_delta": 0.0,
      "delta_ci95": [
        0.2905405405405405,
        1.054222972972972
      ]
    },
    "gemini_pro": {
      "n_docs": 148,
      "gpt54_more": 32,
      "gpt54_less": 2,
      "tied": 114,
      "sign_test": {
        "n_discordant": 34,
        "p_two_sided": 6.938353180885315e-08,
        "win_rate": 0.9411764705882353
      },
      "mean_delta": 0.8851351351351351,
      "median_delta": 0.0,
      "delta_ci95": [
        0.5,
        1.3445945945945945
      ]
    }
  },
  "pairwise_strings_only": {
    "gpt55": {
      "n_docs": 148,
      "gpt54_more": 19,
      "gpt54_less": 29,
      "tied": 100,
      "sign_test": {
        "n_discordant": 48,
        "p_two_sided": 0.19341265286193737,
        "win_rate": 0.3958333333333333
      },
      "mean_delta": -0.24324324324324326,
      "median_delta": 0.0,
      "delta_ci95": [
        -0.527027027027027,
        0.033783783783783786
      ]
    },
    "opus47": {
      "n_docs": 148,
      "gpt54_more": 42,
      "gpt54_less": 8,
      "tied": 98,
      "sign_test": {
        "n_discordant": 50,
        "p_two_sided": 1.163555804595262e-06,
        "win_rate": 0.84
      },
      "mean_delta": 0.9054054054054054,
      "median_delta": 0.0,
      "delta_ci95": [
        0.22280405405405407,
        1.6216216216216217
      ]
    },
    "sonnet": {
      "n_docs": 148,
      "gpt54_more": 36,
      "gpt54_less": 10,
      "tied": 102,
      "sign_test": {
        "n_discordant": 46,
        "p_two_sided": 0.00015641720852954677,
        "win_rate": 0.782608695652174
      },
      "mean_delta": 0.6216216216216216,
      "median_delta": 0.0,
      "delta_ci95": [
        -0.033783783783783786,
        1.2704391891891882
      ]
    },
    "gemini_pro": {
      "n_docs": 148,
      "gpt54_more": 48,
      "gpt54_less": 1,
      "tied": 99,
      "sign_test": {
        "n_discordant": 49,
        "p_two_sided": 1.7763568394002505e-13,
        "win_rate": 0.9795918367346939
      },
      "mean_delta": 1.364864864864865,
      "median_delta": 0.0,
      "delta_ci95": [
        0.831081081081081,
        2.020439189189188
      ]
    }
  },
  "cross_model_agreement_total": {
    "n_docs": 148,
    "gpt54_worse_than_all_three": 23,
    "gpt54_better_than_all_three": 1,
    "gpt54_tied_with_all_three": 75,
    "mixed": 49,
    "top_15_worst_offenders": [
      {
        "doc": "N5_nightmare_70005/acord_45",
        "gpt54_fabs": 21,
        "comparator_fabs": [
          13,
          1,
          1,
          1
        ],
        "sum_delta": 68
      },
      {
        "doc": "N3_hard_70003/acord_160",
        "gpt54_fabs": 17,
        "comparator_fabs": [
          10,
          1,
          1,
          1
        ],
        "sum_delta": 55
      },
      {
        "doc": "N4_expert_70004/acord_140",
        "gpt54_fabs": 17,
        "comparator_fabs": [
          13,
          0,
          0,
          0
        ],
        "sum_delta": 55
      },
      {
        "doc": "N4_expert_70004/acord_160",
        "gpt54_fabs": 18,
        "comparator_fabs": [
          14,
          1,
          2,
          0
        ],
        "sum_delta": 55
      },
      {
        "doc": "N4_expert_70004/acord_28",
        "gpt54_fabs": 19,
        "comparator_fabs": [
          8,
          4,
          9,
          2
        ],
        "sum_delta": 53
      },
      {
        "doc": "N5_nightmare_70005/driver_schedule",
        "gpt54_fabs": 18,
        "comparator_fabs": [
          9,
          7,
          11,
          4
        ],
        "sum_delta": 41
      },
      {
        "doc": "N3_hard_70003/acord_140",
        "gpt54_fabs": 15,
        "comparator_fabs": [
          14,
          3,
          1,
          2
        ],
        "sum_delta": 40
      },
      {
        "doc": "N4_expert_70004/acord_75",
        "gpt54_fabs": 12,
        "comparator_fabs": [
          11,
          0,
          1,
          2
        ],
        "sum_delta": 34
      },
      {
        "doc": "N4_expert_70004/acord_823",
        "gpt54_fabs": 9,
        "comparator_fabs": [
          8,
          2,
          0,
          1
        ],