{
  "primary": "gpt54",
  "comparators": [
    "gpt55",
    "opus47",
    "sonnet",
    "gemini_pro"
  ],
  "n_docs_per_model": {
    "gpt55": 148,
    "gpt54": 148,
    "opus47": 148,
    "sonnet": 148,
    "gemini_pro": 148
  },
  "totals": {
    "gpt55": {
      "fab_total": 578,
      "fab_strings": 385,
      "fab_numbers": 193,
      "checked_strings": 5470,
      "checked_numbers": 5279
    },
    "gpt54": {
      "fab_total": 505,
      "fab_strings": 321,
      "fab_numbers": 184,
      "checked_strings": 4836,
      "checked_numbers": 4697
    },
    "opus47": {
      "fab_total": 198,
      "fab_strings": 162,
      "fab_numbers": 36,
      "checked_strings": 5509,
      "checked_numbers": 5629
    },
    "sonnet": {
      "fab_total": 300,
      "fab_strings": 218,
      "fab_numbers": 82,
      "checked_strings": 5606,
      "checked_numbers": 5972
    },
    "gemini_pro": {
      "fab_total": 145,
      "fab_strings": 114,
      "fab_numbers": 31,
      "checked_strings": 4080,
      "checked_numbers": 3953
    }
  },
  "pairwise_total_fabs": {
    "gpt55": {
      "n_docs": 148,
      "gpt54_more": 30,
      "gpt54_less": 41,
      "tied": 77,
      "sign_test": {
        "n_discordant": 71,
        "p_two_sided": 0.23509756240834187,
        "win_rate": 0.4225352112676056
      },
      "mean_delta": -0.49324324324324326,
      "median_delta": 0.0,
      "delta_ci95": [
        -1.135472972972973,
        0.10135135135135136
      ]
    },
    "opus47": {
      "n_docs": 148,
      "gpt54_more": 55,
      "gpt54_less": 8,
      "tied": 85,
      "sign_test": {
        "n_discordant": 63,
        "p_two_sided": 9.761673086614714e-10,
        "win_rate": 0.873015873015873
      },
      "mean_delta": 2.074324324324324,
      "median_delta": 0.0,
      "delta_ci95": [
        1.087668918918919,
        3.236655405405404
      ]
    },
    "sonnet": {
      "n_docs": 148,
      "gpt54_more": 47,
      "gpt54_less": 24,
      "tied": 77,
      "sign_test": {
        "n_discordant": 71,
        "p_two_sided": 0.008554538502693429,
        "win_rate": 0.6619718309859155
      },
      "mean_delta": 1.385135135135135,
      "median_delta": 0.0,
      "delta_ci95": [
        0.4189189189189189,
        2.3716216216216215
      ]
    },
    "gemini_pro": {
      "n_docs": 148,
      "gpt54_more": 59,
      "gpt54_less": 5,
      "tied": 84,
      "sign_test": {
        "n_discordant": 64,
        "p_two_sided": 9.002816938122327e-13,
        "win_rate": 0.921875
      },
      "mean_delta": 2.4324324324324325,
      "median_delta": 0.0,
      "delta_ci95": [
        1.526858108108108,
        3.540709459459458
      ]
    }
  },
  "pairwise_numbers_only": {
    "gpt55": {
      "n_docs": 148,
      "gpt54_more": 23,
      "gpt54_less": 19,
      "tied": 106,
      "sign_test": {
        "n_discordant": 42,
        "p_two_sided": 0.6439689563703723,
        "win_rate": 0.5476190476190477
      },
      "mean_delta": -0.060810810810810814,
      "median_delta": 0.0,
      "delta_ci95": [
        -0.4798986486486486,
        0.3312499999999991
      ]
    },
    "opus47": {
      "n_docs": 148,
      "gpt54_more": 34,
      "gpt54_less": 1,
      "tied": 113,
      "sign_test": {
        "n_discordant": 35,
        "p_two_sided": 2.0954757928848267e-09,
        "win_rate": 0.9714285714285714
      },
      "mean_delta": 1.0,
      "median_delta": 0.0,
      "delta_ci95": [
        0.5945945945945946,
        1.472972972972973
      ]
    },
    "sonnet": {
      "n_docs": 148,
      "gpt54_more": 28,
      "gpt54_less": 8,
      "tied": 112,
      "sign_test": {
        "n_discordant": 36,
        "p_two_sided": 0.0011932429624721408,
        "win_rate": 0.7777777777777778
      },
      "mean_delta": 0.6891891891891891,
      "median_delta": 0.0,
      "delta_ci95": [
        0.2905405405405405,
        1.1081081081081081
      ]
    },
    "gemini_pro": {
      "n_docs": 148,
      "gpt54_more": 36,
      "gpt54_less": 3,
      "tied": 109,
      "sign_test": {
        "n_discordant": 39,
        "p_two_sided": 3.608874976634979e-08,
        "win_rate": 0.9230769230769231
      },
      "mean_delta": 1.0337837837837838,
      "median_delta": 0.0,
      "delta_ci95": [
        0.6148648648648649,
        1.5337837837837838
      ]
    }
  },
  "pairwise_strings_only": {
    "gpt55": {
      "n_docs": 148,
      "gpt54_more": 23,
      "gpt54_less": 39,
      "tied": 86,
      "sign_test": {
        "n_discordant": 62,
        "p_two_sided": 0.05589722669971112,
        "win_rate": 0.3709677419354839
      },
      "mean_delta": -0.43243243243243246,
      "median_delta": 0.0,
      "delta_ci95": [
        -0.8716216216216216,
        0.02027027027027027
      ]
    },
    "opus47": {
      "n_docs": 148,
      "gpt54_more": 45,
      "gpt54_less": 10,
      "tied": 93,
      "sign_test": {
        "n_discordant": 55,
        "p_two_sided": 2.0572645155203517e-06,
        "win_rate": 0.8181818181818182
      },
      "mean_delta": 1.0743243243243243,
      "median_delta": 0.0,
      "delta_ci95": [
        0.2905405405405405,
        1.946114864864864
      ]
    },
    "sonnet": {
      "n_docs": 148,
      "gpt54_more": 40,
      "gpt54_less": 20,
      "tied": 88,
      "sign_test": {
        "n_discordant": 60,
        "p_two_sided": 0.01348929373119186,
        "win_rate": 0.6666666666666666
      },
      "mean_delta": 0.6959459459459459,
      "median_delta": 0.0,
      "delta_ci95": [
        -0.04746621621621621,
        1.4594594594594594
      ]
    },
    "gemini_pro": {
      "n_docs": 148,
      "gpt54_more": 49,
      "gpt54_less": 4,
      "tied": 95,
      "sign_test": {
        "n_discordant": 53,
        "p_two_sided": 7.053979622639872e-11,
        "win_rate": 0.9245283018867925
      },
      "mean_delta": 1.3986486486486487,
      "median_delta": 0.0,
      "delta_ci95": [
        0.7971283783783784,
        2.222972972972973
      ]
    }
  },
  "cross_model_agreement_total": {
    "n_docs": 148,
    "gpt54_worse_than_all_three": 27,
    "gpt54_better_than_all_three": 1,
    "gpt54_tied_with_all_three": 64,
    "mixed": 56,
    "top_15_worst_offenders": [
      {
        "doc": "N5_nightmare_70005/loss_run",
        "gpt54_fabs": 67,
        "comparator_fabs": [
          66,
          8,
          15,
          11
        ],
        "sum_delta": 168
      },
      {
        "doc": "N5_nightmare_70005/driver_schedule",
        "gpt54_fabs": 32,
        "comparator_fabs": [
          15,
          11,
          15,
          10
        ],
        "sum_delta": 77
      },
      {
        "doc": "N5_nightmare_70005/acord_45",
        "gpt54_fabs": 23,
        "comparator_fabs": [
          15,
          3,
          3,
          1
        ],
        "sum_delta": 70
      },
      {
        "doc": "N4_expert_70004/acord_140",
        "gpt54_fabs": 19,
        "comparator_fabs": [
          17,
          1,
          1,
          2
        ],
        "sum_delta": 55
      },
      {
        "doc": "N4_expert_70004/acord_28",
        "gpt54_fabs": 20,
        "comparator_fabs": [
          9,
          4,
          9,
          3
        ],
        "sum_delta": 55
      },
      {
        "doc": "N3_hard_70003/acord_160",
        "gpt54_fabs": 18,
        "comparator_fabs": [
          10,
          6,
          3,
          2
        ],
        "sum_delta": 51
      },
      {
        "doc": "N3_hard_70003/acord_140",
        "gpt54_fabs": 16,
        "comparator_fabs": [
          15,
          3,
          1,
          4
        ],
        "sum_delta": 41
      },
      {
        "doc": "N4_expert_70004/acord_130",
        "gpt54_fabs": 13,
        "comparator_fabs": [
          9,
          3,
          2,
          3
        ],
        "sum_delta": 35
      },
      {
        "doc": "N4_expert_70004/acord_75",
        "gpt54_fabs": 14,